'的',
'者',
'外',
'果',
'报',
'八',
'术',
'单',
'消',
'依',
'孩',
'印',
'创',
'佛',
'减',
'隐',
'徐',
'炮',
'婆',
'患',
'蒋',
'闭',
'甘',
'懂',
'祥',
'慰',
'仗',
'舟',
'券',
'慕',
'襄',
'梯',
'庸',
'饿',
'挣',
'狭',
'爽',
'膜',
'澄',
'驴',
'嘻',
'羌',
'梢',
'诘',
'蜡',
'咖',
'睦',
'攸',
'嗜',
'鞠',
'粥',
'蟹',
'砦',
'拷',
'饵',
'嬉',
'钡',
'椿',
'酶',
'吠',
'谯',
'卉',
'柿',
'涟',
'一',
'多',
'第',
'位',
'直',
'府',
'近',
'联',
'图',
'按',
'革',
'速',
'胡',
'杨',
'伊',
'私',
'秘',
'盘',
'庙',
'奴',
'析',
'侧',
'肃',
'凭',
'隶',
'肩',
'莲',
'诊',
'哩',
'凌',
'钢',
'锐',
'吨',
'欠',
'颠',
'诈',
'莉',
'惺',
'匡',
'咒',
'钓',
'嵩',
'绛',
'挟',
'殆',
'伽',
'晖',
'竿',
'屿',
'麾',
'嗅',
'琏',
'懊',
'膛',
'谗',
'嗔',
'恺',
'煽',
'峦',
'镂',
'茹',
'洼',
'呱',
'桔',
'不',
'日',
'王',
'信',
'白',
'眼',
'格',
'调',
'星',
'久',
'维',
'齐',
'习',
'梦',
'妻',
'谷',
'逃',
'旅',
'厂',
'晓',
'浪',
'拔',
'培',
'辈',
'穆',
'醉',
'覆',
'豫',
'鸿',
'戌',
'搭',
'赦',
'鼎',
'聊',
'寓',
'陀',
'氧',
'祈',
'塑',
'赚',
'摊',
'叮',
'纬',
'窑',
'宵',
'裘',
'札',
'虾',
'椋',
'曜',
'啵',
'垮',
'峨',
'缮',
'眯',
'弁',
'谀',
'蜕',
'掾',
'菁',
'妪',
'醮',
'秤',
'濉',
'是',
'都',
'高',
'度',
'总',
'领',
'济',
'吃',
'落',
'宝',
'巴',
'低',
'负',
'救',
'鲁',
'附',
'核',
'店',
'库',
'恨',
'盟',
'贡',
'冠',
'虫',
'粗',
'剩',
'锁',
'骗',
'敦',
'抑',
'浙',
'茫',
'喷',
'禀',
'挖',
'姜',
'谊',
'舜',
'吁',
'敝',
'蝗',
'铮',
'垣',
'盏',
'匙',
'啤',
'篷',
'铅',
'帜',
'晤',
'簦',
'诙',
'浣',
'嘀',
'桧',
'犁',
'惚',
'蹙',
'濒',
'昶',
'吒',
'憋',
'腋',
'鄱',
'了',
'三',
'问',
'产',
'非',
'清',
'干',
'古',
'礼',
'攻',
'供',
'室',
'策',
'阵',
'野',
'骑',
'雄',
'销',
'袭',
'悲',
'薄',
'凶',
'彻',
'岳',
'裂',
'逆',
'羽',
'聪',
'溪',
'桓',
'徽',
'讼',
'姚',
'舱',
'串',
'後',
'柄',
'蜜',
'脂',
'厘',
'侨',
'妓',
'藩',
'诰',
'孽',
'晒',
'腕',
'贮',
'绒',
'萝',
'斛',
'嘟',
'蠲',
'濮',
'嘎',
'噬',
'髯',
'廪',
'娼',
'辫',
'瘛',
'蛊',
'杳',
'邃',
'人',
'小',
'太',
'立',
'建',
'决',
'运',
'算',
'营',
'企',
'斗',
'退',
'败',
'哈',
'释',
'郑',
'版',
'疾',
'叔',
'猛',
'殊',
'捕',
'井',
'障',
'荷',
'盐',
'咸',
'酸',
'蛮',
'械',
'兆',
'拳',
'勉',
'肤',
'蜂',
'驳',
'栏',
'募',
'伺',
'睿',
'梗',
'颍',
'坎',
'匀',
'荫',
'闺',
'鳞',
'栅',
'汹',
'佟',
'溯',
'觯',
'潼',
'佞',
'鳍',
'蟆',
'盎',
'潦',
'觥',
'穗',
'涞',
'祟',
'愍',
'嘤',
'在',
'军',
'头',
'声',
'夫',
'笑',
'怎',
'坐',
'增',
'案',
'降',
'脸',
'宋',
'暗',
'亮',
'殿',
'勒',
'俄',
'尝',
'圆',
'阻',
'唱',
'俊',
'倍',
'凉',
'邓',
'铺',
'屯',
'裕',
'雾',
'锡',
'耀',
'毅',
'痕',
'顽',
'轩',
'盒',
'慨',
'匈',
'禹',
'掏',
'愣',
'稣',
'谍',
'狡',
'拣',
'诫',
'邹',
'麽',
'缉',
'垃',
'趾',
'凸',
'氨',
'笏',
'哮',
'珀',
'惰',
'捎',
'镕',
'阱',
'谡',
'雏',
'讪',
'有',
'二',
'情',
'南',
'北',
'告',
'步',
'早',
'土',
'察',
'卷',
'限',
'御',
'买',
'顿',
'叶',
'泽',
'末',
'凤',
'缓',
'竞',
'措',
'骂',
'仇',
'症',
'递',
'陪',
'综',
'朵',
'臂',
'戈',
'衙',
'赔',
'缝',
'渠',
'蕃',
'孕',
'冻',
'雁',
'辏',
'妮',
'辜',
'笛',
'淘',
'冶',
'嗟',
'菱',
'匣',
'乍',
'甩',
'彝',
'幔',
'棕',
'闸',
'鄴',
'偈',
'秸',
'烹',
'绾',
'醴',
'殁',
'砚',
'妗',
'隧',
'我',
'无',
'西',
'代',
'未',
'叫',
'台',
'引',
'际',
'黑',
'姐',
'热',
'讨',
'督',
'录',
'虎',
'掉',
'贤',
'侵',
'冬',
'旗',
'丞',
'触',
'萧',
'汗',
'粉',
'爬',
'堡',
'匆',
'拢',
'豆',
'禅',
'靖',
'韵',
'啥',
'遮',
'躬',
'喉',
'滞',
'钉',
'娥',
'砸',
'晁',
'蚁',
'迦',
'懈',
'痒',
'锤',
'祁',
'颓',
'尴',
'捡',
'攘',
'郢',
'殴',
'嘘',
'晔',
'偎',
'跄',
'舵',
'缢',
'彤',
'漓',
'纫',
'他',
'同',
'机',
'走',
'张',
'队',
'让',
'须',
'致',
'突',
'封',
'田',
'富',
'楚',
'丁',
'载',
'魏',
'孝',
'赏',
'丧',
'闪',
'抽',
'订',
'辩',
'贞',
'牵',
'戊',
'亏',
'秩',
'卜',
'俩',
'钻',
'雇',
'冀',
'牺',
'蓄',
'苑',
'泡',
'漆',
'咨',
'剿',
'揖',
'贿',
'汴',
'谜',
'忿',
'鳌',
'撇',
'禾',
'沂',
'迥',
'赍',
'徇',
'扈',
'篡',
'臻',
'蛔',
'疚',
'鹘',
'昙',
'曙',
'蟒',
'獭',
'雳',
'这',
'么',
'它',
'女',
'令',
'强',
'江',
'离',
'志',
'倒',
'构',
'值',
'尼',
'配',
'移',
'航',
'刀',
'哭',
'抚',
'帅',
'柳',
'课',
'赖',
'曼',
'彭',
'辽',
'勿',
'牢',
'庶',
'葛',
'纲',
'峡',
'屡',
'怖',
'翔',
'樱',
'摘',
'鄙',
'乖',
'焰',
'秉',
'恃',
'焕',
'魅',
'腥',
'旭',
'胳',
'荨',
'廓',
'纂',
'圾',
'啪',
'礁',
'壕',
'呻',
'褥',
'屎',
'撩',
'忏',
'饺',
'傩',
'琨',
'喙',
'愆',
'为',
'经',
'回',
'言',
'反',
'往',
'河',
'证',
'夜',
'局',
'站',
'怀',
'范',
'痛',
'危',
'控',
'缺',
'床',
'忍',
'软',
'姆',
'闹',
'怨',
'妖',
'敏',
'遵',
'飘',
'鉴',
'猎',
'浓',
'耕',
'郁',
'跨',
'鹏',
'屠',
'玲',
'哼',
'叉',
'旺',
'筋',
'堵',
'晌',
'喇',
'踢',
'鄂',
'讥',
'缅',
'蔬',
'僭',
'沁',
'瞅',
'懦',
'炯',
'骠',
'谪',
'邕',
'佃',
'砌',
'鸠',
'恬',
'酵',
'熘',
'淆',
'蕖',
'之',
'法',
'并',
'马',
'士',
'区',
'识',
'约',
'需',
'投',
'验',
'郎',
'球',
'授',
'税',
'刑',
'均',
'吏',
'醒',
'握',
'扩',
'尾',
'搞',
'赋',
'寄',
'陶',
'仓',
'凯',
'猜',
'祀',
'浩',
'阙',
'泣',
'痴',
'巫',
'衫',
'诵',
'亩',
'傍',
'遁',
'菊',
'剖',
'暑',
'藻',
'陋',
'赈',
'铎',
'偕',
'皂',
'郝',
'轼',
'咦',
'僖',
'脯',
'潇',
'褪',
'吭',
'睬',
'翌',
'黔',
'郓',
'翎',
'瓮',
'悚',
'来',
'当',
'间',
'金',
'师',
'交',
'规',
'母',
'皆',
'衣',
'苦',
'纳',
'秋',
'肯',
'座',
'荣',
'摇',
'健',
'默',
'纵',
'允',
'络',
'仰',
'卢',
'租',
'翰',
'诛',
'昔',
'沟',
'愁',
'宏',
'冤',
'催',
'填',
'窝',
'匪',
'滩',
'钗',
'鸭',
'玑',
'瑶',
'莺',
'掀',
'娱',
'噢',
'浆',
'黜',
'缸',
'叟',
'胥',
'怼',
'挛',
'龚',
'酝',
'瑚',
'靶',
'杞',
'咙',
'涿',
'奂',
'顼',
'甭',
'墒',
'夤',
'大',
'起',
'手',
'处',
'许',
'武',
'拉',
'组',
'左',
'愿',
'差',
'氏',
'冲',
'雨',
'优',
'央',
'喝',
'朱',
'拥',
'巡',
'驾',
'杯',
'恭',
'抬',
'爆',
'寇',
'漫',
'颗',
'邑',
'贷',
'扣',
'妄',
'卓',
'鲍',
'兀',
'挨',
'钞',
'擢',
'弼',
'芒',
'拓',
'褐',
'膊',
'栗',
'滔',
'跋',
'枣',
'浇',
'哺',
'镖',
'鸽',
'炳',
'帧',
'瓣',
'葫',
'砰',
'钰',
'躇',
'钤',
'耙',
'赉',
'檬',
'筐',
'瞩',
'以',
'与',
'四',
'便',
'条',
'达',
'切',
'房',
'究',
'省',
'刻',
'景',
'恩',
'占',
'烈',
'概',
'敬',
'戏',
'迫',
'筑',
'混',
'衡',
'隔',
'仿',
'哀',
'悦',
'夷',
'殖',
'涂',
'脉',
'妨',
'徙',
'擦',
'绘',
'辄',
'巢',
'猿',
'脆',
'倦',
'芦',
'窄',
'蒸',
'栋',
'怡',
'稼',
'愕',
'剌',
'鲸',
'夭',
'牒',
'隘',
'酣',
'粲',
'拽',
'琶',
'僮',
'夙',
'磅',
'捻',
'钵',
'梵',
'霹',
'缭',
'锵',
'个',
'好',
'关',
'通',
'变',
'社',
'极',
'曾',
'汉',
'欲',
'益',
'执',
'哥',
'楼',
'卡',
'庄',
'卖',
'票',
'绿',
'饮',
'僧',
'翼',
'爵',
'债',
'润',
'唤',
'悟',
'慎',
'弘',
'捷',
'涌',
'虏',
'畜',
'糖',
'刷',
'拆',
'猩',
'洒',
'铸',
'淳',
'斌',
'劈',
'厄',
'灿',
'幢',
'旌',
'蔑',
'佥',
'烤',
'绫',
'亢',
'狈',
'酱',
'铀',
'蕙',
'迨',
'怂',
'桀',
'窒',
'嘈',
'蠹',
'菇',
'骼',
'庠',
'中',
'看',
'重',
'命',
'系',
'权',
'持',
'似',
'念',
'率',
'派',
'型',
'寻',
'呼',
'丽',
'岛',
'损',
'晋',
'页',
'崇',
'植',
'汝',
'朗',
'赴',
'舒',
'遥',
'撰',
'夕',
'崔',
'嫌',
'吟',
'耗',
'稽',
'扭',
'址',
'纤',
'傻',
'喻',
'膝',
'浸',
'脾',
'哨',
'谴',
'稻',
'罐',
'丐',
'悼',
'拧',
'蛛',
'苛',
'氐',
'恣',
'忖',
'壑',
'鲤',
'咄',
'噶',
'瘟',
'烘',
'踊',
'缙',
'庖',
'涸',
'睾',
'上',
'学',
'应',
'特',
'计',
'科',
'若',
'易',
'既',
'严',
'紧',
'欢',
'恶',
'顺',
'遗',
'脱',
'卒',
'韩',
'奥',
'贾',
'哲',
'稍',
'详',
'泉',
'腿',
'艘',
'愤',
'癸',
'逊',
'阔',
'筹',
'轨',
'纹',
'劣',
'歼',
'砍',
'卵',
'瞪',
'颁',
'恍',
'爪',
'兑',
'肢',
'讫',
'绞',
'颐',
'洽',
'搂',
'蕉',
'汾',
'渺',
'铩',
'臾',
'狩',
'嫔',
'娅',
'岔',
'虢',
'韧',
'蛉',
'铡',
'炬',
'陂',
'咭',
'们',
'进',
'工',
'给',
'且',
'九',
'英',
'随',
'送',
'待',
'料',
'毛',
'停',
'阴',
'画',
'介',
'括',
'岂',
'勇',
'洪',
'穷',
'愈',
'译',
'汽',
'册',
'扎',
'辉',
'柱',
'劫',
'鞋',
'鼠',
'吞',
'漏',
'赢',
'挡',
'胎',
'拱',
'窦',
'歧',
'讽',
'戮',
'缄',
'彰',
'朽',
'沛',
'孰',
'泻',
'嘶',
'挹',
'埂',
'髓',
'箫',
'栈',
'忒',
'谌',
'觑',
'赁',
'胚',
'鸥',
'忱',
'跸',
'皎',
'妞',
'畹',
'到',
'种',
'性',
'数',
'认',
'设',
'争',
'精',
'显',
'归',
'异',
'免',
'良',
'吾',
'屋',
'盖',
'域',
'迹',
'街',
'耶',
'乙',
'蓝',
'净',
'幕',
'轰',
'乾',
'滑',
'甫',
'跌',
'拨',
'娜',
'淫',
'妥',
'缴',
'肆',
'厮',
'塘',
'甜',
'尧',
'脖',
'钧',
'呜',
'胤',
'坤',
'熬',
'嫉',
'凳',
'徊',
'榴',
'豁',
'蔓',
'嗡',
'桨',
'猾',
'驹',
'擞',
'濠',
'绊',
'漱',
'墩',
'觞',
'亵',
'裰',
'跛',
'说',
'将',
'全',
'次',
'目',
'李',
'功',
'视',
'置',
'医',
'例',
'略',
'股',
'奏',
'您',
'序',
'迁',
'伏',
'昌',
'操',
'埃',
'颜',
'枝',
'播',
'掩',
'叛',
'幅',
'袖',
'荐',
'艰',
'躺',
'虞',
'姊',
'巾',
'谒',
'柜',
'毋',
'帛',
'谎',
'盲',
'馈',
'壤',
'搏',
'棚',
'膏',
'螅',
'皓',
'洌',
'驯',
'谤',
'阑',
'凛',
'唾',
'嗤',
'晟',
'驭',
'讹',
'诩',
'炙',
'撬',
'邯',
'悸',
'淙',
'髂',
'国',
'还',
'门',
'海',
'光',
'观',
'深',
'尚',
'亚',
'玉',
'祖',
'批',
'险',
'固',
'鱼',
'秦',
'测',
'忘',
'缘',
'烧',
'旦',
'邪',
'繁',
'恢',
'祝',
'碰',
'廉',
'宴',
'寨',
'驶',
'鹿',
'杖',
'囊',
'酷',
'函',
'哦',
'冢',
'雀',
'攀',
'稷',
'暇',
'撕',
'晦',
'槐',
'哇',
'婉',
'雯',
'岚',
'峭',
'祗',
'氢',
'簧',
'芜',
'洹',
'赣',
'痰',
'袱',
'芭',
'匮',
'杲',
'纭',
'罄',
'峤',
'箍',
'和',
'分',
'老',
'今',
'管',
'记',
'备',
'断',
'推',
'船',
'宫',
'犯',
'波',
'皮',
'慢',
'庭',
'虚',
'剧',
'累',
'妙',
'伟',
'瑞',
'侠',
'竹',
'祸',
'污',
'宅',
'衰',
'践',
'漂',
'勋',
'携',
'饶',
'谅',
'簿',
'壳',
'绢',
'棺',
'棵',
'詹',
'杏',
'咳',
'哎',
'蕴',
'肾',
'畴',
'叱',
'逛',
'闵',
'埽',
'穑',
'竺',
'翩',
'漳',
'苇',
'暨',
'呃',
'锯',
'涫',
'菹',
'懋',
'凋',
'瘾',
'滦',
'地',
'此',
'点',
'表',
'路',
'改',
'造',
'乃',
'居',
'奇',
'乱',
'否',
'刺',
'警',
'露',
'词',
'逐',
'奔',
'玄',
'赛',
'桥',
'丑',
'浮',
'奸',
'摸',
'伍',
'丘',
'琴',
'凝',
'齿',
'扇',
'脏',
'芬',
'扮',
'悠',
'擅',
'薪',
'矢',
'粟',
'蠢',
'淑',
'羡',
'笨',
'哟',
'姥',
'删',
'膳',
'燥',
'畿',
'琛',
'贻',
'榆',
'喔',
'疤',
'斡',
'痹',
'恸',
'栓',
'楞',
'炫',
'廿',
'蛭',
'舫',
'萼',
'也',
'心',
'身',
'原',
'接',
'展',
'阳',
'影',
'列',
'护',
'素',
'灵',
'述',
'甲',
'啊',
'睡',
'毫',
'顶',
'轮',
'摆',
'珍',
'宿',
'奋',
'零',
'忆',
'叙',
'寅',
'铜',
'浅',
'椅',
'斤',
'汪',
'穴',
'贱',
'昼',
'铭',
'碑',
'莽',
'劾',
'淋',
'啸',
'晏',
'钥',
'饷',
'卦',
'寞',
'诀',
'渗',
'琐',
'芽',
'黯',
'圭',
'宥',
'椭',
'扳',
'炊',
'攒',
'烙',
'冗',
'跻',
'钳',
'茉',
'咀',
'瑕',
'子',
'前',
'东',
'斯',
'城',
'字',
'快',
'除',
'君',
'卫',
'怕',
'药',
'谢',
'担',
'端',
'召',
'避',
'油',
'抱',
'尉',
'促',
'壁',
'汇',
'潮',
'偿',
'峰',
'艇',
'苍',
'辖',
'斜',
'抛',
'舅',
'抖',
'疆',
'饱',
'婴',
'挽',
'斑',
'仑',
'怯',
'丸',
'诬',
'旷',
'沧',
'稚',
'韶',
'湛',
'溺',
'伶',
'俚',
'纶',
'窘',
'揪',
'瑛',
'笆',
'裨',
'拈',
'崭',
'纥',
'叽',
'谝',
'荼',
'臼',
'瓒',
'时',
'面',
'由',
'义',
'活',
'故',
'集',
'青',
'包',
'岁',
'男',
'射',
'环',
'妈',
'徒',
'怒',
'借',
'跳',
'窗',
'宇',
'嘉',
'羊',
'暂',
'呆',
'抢',
'饰',
'谕',
'菲',
'坡',
'墓',
'碧',
'斥',
'姨',
'鹰',
'艳',
'铃',
'谭',
'拐',
'祐',
'吼',
'炭',
'砖',
'兜',
'醇',
'塌',
'渭',
'衅',
'胧',
'慷',
'鞘',
'辇',
'笙',
'瘫',
'夔',
'驸',
'舷',
'殡',
'谙',
'蓦',
'憔',
'汛',
'兖',
'啃',
'腑',
'道',
'又',
'何',
'各',
'保',
'品',
'布',
'初',
'技',
'律',
'效',
'监',
'莫',
'坚',
'坏',
'枪',
'辞',
'弃',
'抓',
'麻',
'烦',
'芳',
'吕',
'朔',
'怜',
'佩',
'柔',
'液',
'狼',
'届',
'妾',
'嫂',
'披',
'泊',
'骄',
'嘱',
'亨',
'浚',
'瞒',
'撑',
'屁',
'恤',
'咕',
'螺',
'汲',
'瑜',
'叨',
'豢',
'檐',
'矜',
'胄',
'揣',
'孚',
'绽',
'掣',
'磐',
'笾',
'茄',
'嗨',
'挝',
'寰',
'鬻',
'斫',
'竦',
'出',
'定',
'向',
'州',
'结',
'议',
'尽',
'息',
'线',
'标',
'般',
'织',
'脑',
'阶',
'杂',
'跑',
'牙',
'睛',
'废',
'稳',
'燕',
'售',
'奖',
'刊',
'摄',
'绕',
'迪',
'桂',
'牲',
'瓶',
'熊',
'呵',
'漠',
'聘',
'灌',
'糟',
'堤',
'矮',
'谐',
'酌',
'凰',
'掷',
'帆',
'垄',
'哗',
'砂',
'茎',
'镑',
'靴',
'掖',
'沐',
'斐',
'曳',
'摺',
'寐',
'勺',
'杠',
'钏',
'蔼',
'篆',
'橐',
'珂',
'跤',
'亘',
'而',
'见',
'至',
'化',
'题',
'象',
'周',
'守',
'弟',
'罪',
'段',
'陆',
'草',
'忠',
'渐',
'虑',
'额',
'辛',
'冰',
'惟',
'祭',
'倾',
'幽',
'禄',
'牧',
'溃',
'弥',
'愚',
'循',
'燃',
'崩',
'戚',
'旱',
'芝',
'娃',
'棋',
'坟',
'姬',
'敛',
'矗',
'靡',
'摔',
'株',
'骆',
'沮',
'缕',
'沦',
'尬',
'杉',
'煜',
'笠',
'伲',
'咚',
'槛',
'渤',
'碱',
'胫',
'吝',
'穹',
'袒',
'眸',
'畸',
'麝',
'赜',
'要',
'只',
'物',
'口',
'却',
'花',
'宗',
'党',
'客',
'吧',
'福',
'句',
'忽',
'背',
'藏',
'靠',
'岸',
'彼',
'振',
'粮',
'墙',
'咱',
'垂',
'桑',
'丙',
'慌',
'扑',
'矛',
'肥',
'狠',
'疼',
'谥',
'仕',
'磁',
'寝',
'彪',
'喂',
'滥',
'颖',
'泼',
'藉',
'鸾',
'屑',
'煮',
'赂',
'泌',
'牡',
'粤',
'惕',
'呕',
'崎',
'咯',
'赡',
'锥',
'弛',
'滕',
'筠',
'纨',
'蛾',
'剃',
'猖',
'鹉',
'祔',
'阕',
'于',
'主',
'战',
'任',
'指',
'七',
'病',
'半',
'委',
'群',
'银',
'孙',
'侍',
'姓',
'压',
'味',
'赐',
'厚',
'童',
'森',
'径',
'冒',
'耐',
'尸',
'绪',
'糊',
'撞',
'励',
'逢',
'咬',
'敲',
'吩',
'滋',
'诞',
'坠',
'尿',
'妆',
'筒',
'倡',
'葡',
'瞎',
'棠',
'躁',
'拙',
'坝',
'闰',
'阮',
'棘',
'辍',
'琢',
'粪',
'婶',
'盔',
'浏',
'爰',
'嫖',
'踌',
'涓',
'铲',
'诅',
'劭',
'乒',
'俐',
'媛',
'就',
'没',
'业',
'真',
'感',
'完',
'华',
'县',
'终',
'春',
'晚',
'兄',
'静',
'索',
'贼',
'献',
'予',
'练',
'丰',
'绍',
'购',
'瓦',
'津',
'汤',
'逼',
'匹',
'寸',
'夹',
'诱',
'屏',
'渔',
'斋',
'乳',
'焚',
'剥',
'杭',
'枯',
'蓬',
'鹅',
'枉',
'虔',
'喃',
'谟',
'桐',
'捆',
'灶',
'纾',
'巍',
'睢',
'俨',
'霖',
'嫡',
'泗',
'鬟',
'沽',
'簪',
'钝',
'逍',
'澈',
'涎',
'嚎',
'皖',
'骧',
'毂',
'下',
'公',
'被',
'才',
'难',
'林',
'称',
'轻',
'选',
'响',
'宣',
'罢',
'散',
'穿',
'温',
'曲',
'舍',
'暴',
'玩',
'陷',
'拍',
'麦',
'宪',
'鸣',
'傅',
'伪',
'胁',
'歇',
'押',
'爹',
'纠',
'宠',
'舌',
'侄',
'睁',
'硃',
'眨',
'硕',
'撸',
'沾',
'魄',
'涕',
'赎',
'芙',
'挠',
'霄',
'祚',
'惮',
'琦',
'缔',
'芸',
'绎',
'瑾',
'氖',
'甄',
'霎',
'铝',
'绯',
'柩',
'璞',
'戾',
'啄',
'邈',
'魇',
'得',
'从',
'政',
'几',
'量',
'基',
'罗',
'质',
'龙',
'仍',
'户',
'劳',
'判',
'吴',
'卿',
'笔',
'洞',
'训',
'宽',
'杰',
'尺',
'宾',
'眉',
'幼',
'乏',
'腹',
'荆',
'拾',
'坛',
'陕',
'庞',
'羞',
'绣',
'菌',
'腔',
'茨',
'盯',
'瞬',
'峻',
'窜',
'拂',
'譬',
'惭',
'衬',
'咎',
'徵',
'泳',
'倭',
'炕',
'呐',
'碟',
'梓',
'熏',
'凇',
'猷',
'嗳',
'銮',
'湮',
'茜',
'觽',
'蹑',
'呛',
'燮',
'芮',
'可',
'知',
'内',
'教',
'务',
'服',
'爱',
'语',
'势',
'某',
'游',
'获',
'养',
'凡',
'帮',
'雪',
'扬',
'丝',
'萨',
'偏',
'伸',
'魔',
'戒',
'悄',
'堆',
'挺',
'蛋',
'翠',
'玻',
'昆',
'恕',
'吊',
'滴',
'缠',
'廊',
'厨',
'颈',
'锅',
'链',
'哄',
'萄',
'滨',
'僵',
'沼',
'磕',
'逗',
'恪',
'廖',
'侈',
'惫',
'兢',
'鞅',
'侥',
'锣',
'恁',
'谄',
'狻',
'薰',
'钺',
'撮',
'酪',
'渝',
'荚',
'浔',
'你',
'使',
'五',
'官',
'治',
'带',
'导',
'越',
'考',
'细',
'香',
'旧',
'积',
'吉',
'松',
'份',
'湾',
'纸',
'夺',
'孤',
'鸟',
'赤',
'啦',
'撤',
'庚',
'幻',
'巳',
'堪',
'侦',
'咐',
'暖',
'嘛',
'扁',
'拦',
'涛',
'叩',
'婢',
'叠',
'戍',
'竖',
'笃',
'溶',
'涯',
'馨',
'遏',
'沸',
'悖',
'蛟',
'飨',
'幌',
'椒',
'涩',
'聋',
'幡',
'榷',
'堰',
'牍',
'毗',
'踵',
'硝',
'苞',
'繇',
'痊',
'昵',
'年',
'部',
'儿',
'少',
'取',
'据',
'确',
'况',
'右',
'承',
'采',
'网',
'遣',
'激',
'换',
'仪',
'馆',
'珠',
'杜',
'违',
'仲',
'摩',
'签',
'斩',
'辅',
'辑',
'频',
'踪',
'忌',
'驰',
'澳',
'肠',
'浦',
'朴',
'鹤',
'愧',
'盼',
'帖',
'歉',
'阐',
'瘤',
'巩',
'荩',
'甸',
'赃',
'咧',
'摹',
'檀',
'煎',
'肴',
'迳',
'翊',
'渲',
'蚊',
'谛',
'诠',
'妫',
'傥',
'胺',
'萦',
'糙',
'肋',
'渣',
'翱',
'生',
'本',
'及',
'司',
'场',
'界',
'呢',
'举',
'属',
'拿',
'修',
'预',
'怪',
'审',
'侯',
'困',
'舰',
'尤',
'焉',
'悉',
'挂',
'硬',
'邦',
'炎',
'瞧',
'撒',
'唬',
'割',
'恼',
'寂',
'恒',
'肝',
'俺',
'厥',
'罩',
'饲',
'棒',
'壶',
'奠',
'琳',
'佑',
'蚀',
'轴',
'畔',
'嗽',
'裔',
'岐',
'孜',
'泾',
'骏',
'鹃',
'褂',
'篱',
'孺',
'刁',
'腮',
'肪',
'瀛',
'谖',
'恙',
'诽',
'眺',
'迤',
'捅',
'自',
'动',
'入',
'德',
'思',
'云',
'办',
'皇',
'酒',
'施',
'娘',
'忙',
'耳',
'剑',
'抗',
'庆',
'鼓',
'丈',
'潜',
'毁',
'币',
'署',
'宰',
'鼻',
'尖',
'贴',
'矿',
'疲',
'钦',
'辨',
'逻',
'轿',
'瘦',
'纽',
'盆',
'贬',
'惶',
'纱',
'骚',
'贰',
'怠',
'晰',
'挫',
'樊',
'梨',
'眩',
'鸳',
'嵌',
'樵',
'渎',
'棱',
'袜',
'毡',
'犀',
'埔',
'蟠',
'涣',
'滤',
'弑',
'阖',
'屉',
'蓿',
'鹞',
'黍',
'会',
'现',
'先',
'解',
'电',
'觉',
'节',
'钱',
'农',
'急',
'木',
'贵',
'镇',
'层',
'午',
'旁',
'盛',
'束',
'趣',
'援',
'洗',
'寺',
'颇',
'箭',
'董',
'泥',
'契',
'宙',
'霞',
'丛',
'弓',
'雕',
'扯',
'柯',
'囚',
'肖',
'嚷',
'薨',
'厢',
'婿',
'鸦',
'堕',
'邢',
'侮',
'彬',
'僻',
'迭',
'臧',
'瞄',
'笺',
'鬓',
'釉',
'卤',
'擎',
'苔',
'橡',
'溉',
'熔',
'跷',
'栾',
'捂',
'蹬',
'砲',
'搔',
'那',
'因',
'己',
'神',
'空',
'像',
'根',
'历',
'片',
'职',
'态',
'错',
'登',
'洲',
'郡',
'互',
'巨',
'唯',
'抵',
'纯',
'贫',
'牌',
'讯',
'慈',
'惑',
'媒',
'腾',
'掠',
'浑',
'疯',
'挤',
'湿',
'竭',
'炉',
'祠',
'衷',
'愉',
'垒',
'宦',
'皋',
'睹',
'舶',
'筵',
'蹲',
'芯',
'簇',
'歹',
'毓',
'酿',
'锭',
'揉',
'迂',
'汰',
'蹋',
'踉',
'彗',
'枷',
'讷',
'忤',
'髻',
'羹',
'锄',
'锢',
'鑫',
'后',
'开',
'安',
'则',
'边',
'院',
'击',
'留',
'希',
'另',
'够',
'树',
'遇',
'脚',
'洋',
'灭',
'板',
'嘴',
'隆',
'巧',
'启',
'恰',
'伴',
'荡',
'扰',
'壬',
'插',
'滚',
'畏',
'稿',
'添',
'琼',
'惩',
'溜',
'衍',
'颤',
'肺',
'魁',
'栽',
'刹',
'贩',
'庇',
'奎',
'蚕',
'侣',
'褒',
'奕',
'澜',
'蝇',
'缪',
'拚',
'悯',
'衮',
'慑',
'趴',
'搀',
'糜',
'笞',
'蜘',
'倌',
'擂',
'轧',
'琮',
'俦',
'能',
'些',
'或',
'必',
'统',
'飞',
'商',
'乐',
'破',
'敢',
'划',
'追',
'恐',
'乡',
'席',
'梁',
'材',
'港',
'符',
'横',
'距',
'魂',
'壮',
'泛',
'趋',
'慧',
'碍',
'腊',
'翁',
'辟',
'炼',
'娇',
'枚',
'抄',
'扔',
'俯',
'棉',
'摧',
'巷',
'淌',
'怔',
'瓷',
'耿',
'辣',
'谑',
'萌',
'冕',
'钮',
'醋',
'诲',
'嚣',
'扛',
'柬',
'咋',
'焘',
'馔',
'麓',
'鞫',
'枫',
'邺',
'埠',
'蠡',
'诖',
'诃',
'对',
'理',
'利',
'兵',
'件',
'远',
'陈',
'章',
'谓',
'跟',
'续',
'临',
'唐',
'沙',
'艺',
'园',
'鲜',
'吸',
'乌',
'迷',
'劝',
'偷',
'灰',
'郭',
'韦',
'仔',
'储',
'埋',
'殷',
'岭',
'晃',
'昂',
'丫',
'趁',
'隋',
'骤',
'禧',
'虹',
'溢',
'账',
'雌',
'啼',
'佣',
'搅',
'苹',
'璧',
'垫',
'揽',
'喽',
'聂',
'徘',
'侃',
'遐',
'熄',
'踱',
'紊',
'胰',
'孛',
'娴',
'嗖',
'歆',
'籴',
'踞',
'饯',
'着',
'长',
'很',
'气',
'期',
'收',
'火',
'照',
'喜',
'讲',
'境',
'伯',
'堂',
'托',
'禁',
'评',
'输',
'孔',
'役',
'爸',
'辰',
'紫',
'帐',
'缩',
'黎',
'葬',
'锋',
'酉',
'卧',
'剂',
'搬',
'弦',
'僚',
'耻',
'璃',
'逮',
'隙',
'枕',
'懿',
'粘',
'斧',
'虐',
'凿',
'觅',
'捞',
'膨',
'狸',
'汀',
'癫',
'绷',
'袄',
'罔',
'羲',
'楷',
'椤',
'迸',
'蟾',
'溥',
'卞',
'锺',
'曷',
'粱',
'沌',
'辎',
'事',
'明',
'最',
'打',
'克',
'石',
'兴',
'器',
'费',
'防',
'米',
'育',
'诏',
'奉',
'赶',
'短',
'遍',
'弱',
'俱',
'旨',
'盗',
'淮',
'昨',
'扶',
'哉',
'胞',
'龄',
'佐',
'询',
'辱',
'倘',
'顷',
'涨',
'渴',
'帘',
'逾',
'霜',
'茅',
'谱',
'淹',
'窥',
'桩',
'碌',
'椎',
'叭',
'莹',
'偃',
'倏',
'俞',
'毯',
'挚',
'饬',
'寥',
'烫',
'辙',
'噜',
'枭',
'湟',
'蠓',
'骋',
'犊',
'谠',
'磋',
'槭',
'其',
'样',
'书',
'员',
'帝',
'众',
'京',
'写',
'谈',
'独',
'假',
'普',
'著',
'沉',
'牛',
'川',
'肉',
'折',
'伙',
'闲',
'努',
'弗',
'厉',
'艾',
'佳',
'乞',
'盾',
'欺',
'丢',
'邀',
'盈',
'沃',
'晶',
'衔',
'烛',
'暮',
'坑',
'俭',
'裹',
'勘',
'潭',
'绑',
'绰',
'驼',
'捣',
'酥',
'襟',
'帷',
'羁',
'扒',
'耆',
'唷',
'钊',
'怅',
'雹',
'酢',
'葵',
'淀',
'辂',
'稠',
'佬',
'揆',
'疹',
'疽',
'里',
'意',
'制',
'再',
'亲',
'车',
'注',
'团',
'音',
'责',
'微',
'诗',
'幸',
'亡',
'申',
'编',
'含',
'灯',
'炸',
'俗',
'桌',
'菜',
'籍',
'赠',
'返',
'亭',
'兽',
'卯',
'键',
'览',
'湘',
'舆',
'兮',
'档',
'赌',
'庐',
'煌',
'蝶',
'陌',
'眷',
'圳',
'珊',
'娟',
'嫩',
'浊',
'蹄',
'诧',
'绶',
'梭',
'鸯',
'琉',
'硫',
'拇',
'丕',
'垢',
'拗',
'剔',
'聿',
'诮',
'苯',
'苤',
'霓',
'塾',
'佚',
'所',
'已',
'美',
'论',
'复',
'候',
'虽',
'诸',
'查',
'较',
'试',
'副',
'排',
'康',
'仙',
'探',
'择',
'震',
'塔',
'番',
'仆',
'莱',
'贯',
'玛',
'阅',
'尘',
'洁',
'亥',
'兹',
'帽',
'肚',
'猫',
'誓',
'罕',
'凑',
'裴',
'崖',
'麟',
'宛',
'狮',
'厦',
'绥',
'蹈',
'弧',
'糕',
'沫',
'翘',
'坪',
'潞',
'撼',
'隅',
'蠕',
'镶',
'拴',
'稹',
'簟',
'贲',
'赘',
'抟',
'饕',
'湃',
'瑁',
'婷',
'糁',
'去',
'月',
'山',
'别',
'住',
'类',
'杀',
'闻',
'专',
'威',
'伤',
'充',
'简',
'宜',
'误',
'歌',
'秀',
'替',
'罚',
'季',
'染',
'涉',
'贺',
'昏',
'屈',
'码',
'桃',
'捉',
'躲',
'尹',
'猪',
'笼',
'酬',
'拼',
'冈',
'媚',
'浴',
'剪',
'裳',
'莎',
'毙',
'嘲',
'陡',
'褚',
'迄',
'荽',
'肇',
'骁',
'逞',
'炀',
'沪',
'厕',
'匾',
'磷',
'蚂',
'驮',
'铨',
'橱',
'殃',
'雉',
'阉',
'唔',
'貂',
'痢',
'行',
'正',
'体',
'听',
'请',
'程',
'父',
'亦',
'止',
'苏',
'刚',
'永',
'宁',
'超',
'钟',
'乘',
'毒',
'诺',
'茶',
'贝',
'厅',
'驻',
'惯',
'映',
'吐',
'欣',
'朕',
'妃',
'跪',
'腐',
'卑',
'晕',
'唇',
'鞭',
'菩',
'捧',
'裤',
'凄',
'缚',
'祷',
'玫',
'瑰',
'腺',
'矫',
'岑',
'亟',
'逵',
'绮',
'酋',
'蔚',
'谩',
'祯',
'膺',
'圃',
'芍',
'笥',
'谧',
'匕',
'筷',
'豕',
'缨',
'笫',
'棣',
'暄',
'过',
'想',
'什',
'提',
'市',
'转',
'存',
'足',
'吗',
'双',
'状',
'财',
'升',
'谋',
'块',
'蒙',
'篇',
'翻',
'坦',
'聚',
'针',
'狱',
'挑',
'腰',
'薛',
'邻',
'袁',
'谨',
'饥',
'寡',
'苗',
'潘',
'晴',
'娶',
'龟',
'畅',
'惹',
'颂',
'煞',
'歪',
'驿',
'梳',
'邱',
'趟',
'辐',
'憎',
'拯',
'缀',
'玺',
'梧',
'朦',
'氯',
'昊',
'涧',
'嫣',
'磺',
'骡',
'钜',
'衾',
'诤',
'笋',
'铢',
'詈',
'癖',
'家',
'实',
'新',
'万',
'六',
'共',
'臣',
'余',
'找',
'善',
'兰',
'适',
'检',
'演',
'饭',
'鬼',
'兼',
'塞',
'彩',
'亿',
'疏',
'孟',
'鸡',
'晨',
'圈',
'恋',
'餐',
'蛇',
'郊',
'悬',
'泄',
'姻',
'疫',
'蒲',
'媳',
'黛',
'吻',
'豹',
'胀',
'唉',
'刃',
'匿',
'奚',
'谣',
'鞍',
'荧',
'噪',
'缎',
'葱',
'戟',
'戳',
'琪',
'吱',
'肘',
'蝴',
'抡',
'掳',
'抒',
'陟',
'吮',
'筝',
'韭',
'哆',
'荔',
'十',
'把',
'话',
'死',
'放',
'千',
'准',
'整',
'食',
'校',
'诉',
'圣',
'铁',
'协',
'迎',
'欧',
'婚',
'梅',
'曹',
'套',
'贸',
'昭',
'奈',
'豪',
'扫',
'辆',
'惨',
'狄',
'揭',
'敕',
'柴',
'诣',
'肿',
'倚',
'眠',
'喘',
'氛',
'俟',
'骇',
'谬',
'饼',
'讳',
'啡',
'敞',
'嘿',
'颊',
'漕',
'弩',
'猓',
'琅',
'茵',
'纣',
'炽',
'堑',
'峙',
'坞',
'薇',
'衢',
'叁',
'猝',
'骥',
'眶',
'袂',
'圜',
'用',
'但',
'名',
'更',
'风',
'式',
'广',
'价',
'装',
'友',
'助',
'血',
'角',
'湖',
'货',
'洛',
'呀',
'舞',
'泰',
'灾',
'荒',
'吹',
'伐',
'貌',
'驱',
'焦',
'绩',
'贪',
'邮',
'誉',
'瑟',
'勾',
'胖',
'秒',
'俘',
'矩',
'臭',
'逝',
'璇',
'躯',
'卸',
'涵',
'捏',
'霉',
'灼',
'霆',
'龋',
'蹦',
'凹',
'悍',
'腻',
'宸',
'奄',
'矶',
'殉',
'颅',
'嬷',
'萃',
'侬',
'樽',
'瀑',
'啬',
'岫',
'祺',
'发',
'相',
'曰',
'比',
'资',
'失',
'首',
'号',
'绝',
'围',
'征',
'弹',
'顾',
'姑',
'补',
'烟',
'妹',
'丹',
'叹',
'泪',
'裁',
'镜',
'偶',
'赫',
'墨',
'嗣',
'儒',
'厌',
'履',
'嫁',
'瓜',
'碗',
'擒',
'匠',
'钩',
'坊',
'吵',
'讶',
'脊',
'憾',
'搁',
'篮',
'涅',
'蓉',
'璋',
'陨',
'辕',
'髦',
'扼',
'闾',
'疮',
'墟',
'罹',
'迩',
'俎',
'禺',
'乓',
'鹦',
'刍',
'吆',
'鹄',
'闱',
'恻',
'喳',
'天',
'两',
'合',
'受',
'求',
'流',
'乎',
'级',
'答',
'仅',
'胜',
'拜',
'村',
'赵',
'博',
'尊',
'伦',
'赞',
'础',
'忧',
'迅',
'狗',
'惜',
'描',
'碎',
'乔',
'馀',
'蒂',
'枢',
'稀',
'茂',
'姿',
'拘',
'夸',
'绵',
'棍',
'恳',
'庵',
'藤',
'栖',
'冥',
'喀',
'瞻',
'澹',
'敖',
'踩',
'颉',
'翟',
'涡',
'甥',
'垦',
'韬',
'伎',
'瞿',
'崛',
'悴',
'氓',
'郏',
'搓',
'沓',
'焙',
'汶',
'滇',
'庑',
'如',
'民',
'加',
'百',
'史',
'每',
'具',
'参',
'敌',
'纪',
'竟',
'雷',
'读',
'付',
'智',
'休',
'访',
'遭',
'途',
'狂',
'阁',
'融',
'胆',
'岩',
'吓',
'呈',
'谏',
'耍',
'彦',
'削',
'谦',
'绳',
'粹',
'咽',
'袍',
'抹',
'捐',
'掘',
'萍',
'挪',
'绅',
'妒',
'倩',
'喧',
'俏',
'牟',
'俾',
'俸',
'絮',
'鹊',
'檄',
'蕊',
'墅',
'淄',
'拭',
'臀',
'忻',
'茸',
'箕',
'藕',
'媪',
'葜',
'燎',
'呷',
'然',
'她',
'世',
'做',
'色',
'该',
'甚',
'示',
'害',
'族',
'项',
'妇',
'挥',
'班',
'仁',
'朋',
'骨',
'廷',
'奶',
'喊',
'惠',
'拒',
'陛',
'袋',
'估',
'霍',
'磨',
'帕',
'霸',
'闷',
'迈',
'狐',
'戎',
'岗',
'苟',
'胃',
'闯',
'禽',
'榜',
'犬',
'框',
'敷',
'酰',
'绸',
'遽',
'锻',
'冉',
'瘢',
'窟',
'阀',
'碳',
'耄',
'蓟',
'槽',
'蛙',
'嫦',
'钙',
'渚',
'郧',
'淤',
'儆',
'缰',
'堋',
'蹇',
'作',
'力',
'平',
'尔',
'形',
'朝',
'黄',
'支',
'密',
'谁',
'继',
'哪',
'矣',
'招',
'款',
'典',
'陵',
'熟',
'寒',
'戴',
'迟',
'渡',
'淡',
'胸',
'劲',
'拟',
'搜',
'截',
'悔',
'熙',
'烂',
'肌',
'煤',
'逸',
'旬',
'杆',
'翅',
'昧',
'兔',
'刮',
'倪',
'耽',
'诡',
'榻',
'恚',
'烁',
'嗓',
'瞥',
'澡',
'缆',
'蝉',
'捍',
'庾',
'袅',
'谘',
'辔',
'窖',
'佯',
'琵',
'橹',
'诔',
'镏',
'掇',
'獠',
'方',
'文',
'水',
'即',
'望',
'始',
'满',
'红',
'研',
'惊',
'爷',
'源',
'冷',
'夏',
'毕',
'架',
'弄',
'雅',
'残',
'纷',
'沿',
'骸',
'旋',
'池',
'冯',
'箱',
'拖',
'蔡',
'蜀',
'粒',
'弯',
'渊',
'蔽',
'伞',
'癌',
'膀',
'懒',
'阎',
'裙',
'裸',
'秃',
'哑',
'窍',
'咏',
'邸',
'斟',
'嚼',
'籓',
'欤',
'荀',
'娄',
'萎',
'渥',
'缗',
'胪',
'捶',
'谔',
'嗦',
'熹',
'觐',
'溆',
'桢',
'渌',
'翦',
'成',
'等',
'常',
'元',
'传',
'连',
'容',
'阿',
'刘',
'底',
'疑',
'遂',
'模',
'掌',
'延',
'犹',
'诚',
'疗',
'寿',
'透',
'享',
'惧',
'沈',
'勤',
'锦',
'跃',
'勃',
'柏',
'窃',
'於',
'踏',
'雍',
'弊',
'傲',
'耸',
'皱',
'胶',
'猴',
'嗯',
'邵',
'陇',
'桶',
'奢',
'纺',
'鳎',
'汁',
'炒',
'痪',
'秽',
'闽',
'阜',
'涤',
'肮',
'岱',
'溅',
'逋',
'婪',
'筛',
'蠼',
'匝',
'豚',
'邠',
'厩',
'菏',
